ean,name,price,stock
4000140700000,Wasser Still 1L,0.89,150
4006381333931,Stabilo Boss Textmarker Gelb,1.99,45
4008400404127,Kinder Riegel 8er,2.19,80
4014400900019,Toffifee 125g,1.49,60
4260123456789,Bio Haferdrink 1L,1.29,30
4000417025000,Ritter Sport Vollmilch 100g,1.39,120
4008400200125,Nutella 450g,3.49,40
4005808258117,Nivea Creme 150ml,2.99,50
4084500038813,Ariel All-in-1 Pods 15Stk,5.99,25
4000400085004,Jacobs Kroenung Kaffee 500g,6.49,35
4006137000003,Haribo Goldbaeren 200g,1.19,200
4008400320021,Hanuta 10er Pack,2.29,75
4015000962312,Persil Universal Gel 1.1L,6.99,20
4002448000028,Teekanne Kamille 20 Beutel,1.79,90
4011100000014,Bionade Holunder 0.33L,0.99,110